Date, Country_Territory, Suspected, Confirmed, Imported_Cases, Incidence_Rate, Deaths, Confirmed_congenital_syndrome, Pop_times_1000e
11/17/16,Bermuda,0,0,5,0,0,0,71
11/17/16,Canada,0,0,374,0,0,0,"36,286"
11/17/16,United States of America,0,140,"4,115",0.04,0,31,"324,119"
11/17/16,Mexico,0,"6,474",15,5.03,0,0,"128,632"
11/17/16,Belize,537,49,0,159.67,0,0,367
11/17/16,Costa Rica,"2,563","1,415",32,81.9,0,1,"4,857"
11/17/16,El Salvador,"11,333",51,0,185.23,0,4,"6,146"
11/17/16,Guatemala,"2,785",466,0,19.5,0,15,"16,673"
11/17/16,Honduras,"31,719",285,0,390.77,0,1,"8,190"
11/17/16,Nicaragua,0,"2,038",3,33.14,0,0,"6,150"
11/17/16,Panama,"2,089",517,42,65.31,0,5,"3,990"
11/17/16,Cuba,0,3,30,0.03,0,0,"11,393"
11/17/16,Dominican Republic,"4,889",328,0,48.99,0,10,"10,649"
11/17/16,French Guiana,"9,700",483,10,3689.49,0,14,276
11/17/16,Guadeloupe,"30,845",379,0,6629.3,0,1,471
11/17/16,Haiti,"2,955",5,0,27.29,0,1,"10,848"
11/17/16,Martinique,"36,680",12,0,9265.66,0,14,396
11/17/16,Puerto Rico,0,"33,455",1,908.86,5,3,"3,681"
11/17/16,Saint Barthelemy,900,61,0,10677.78,0,0,9
11/17/16,Saint Martin,"2,825",200,0,8402.78,0,0,36
11/17/16,Bolivia (Plurinational State of),718,129,4,7.78,0,3,"10,888"
11/17/16,Colombia,"96,421","8,826",0,216.32,0,58,"48,654"
11/17/16,Ecuador,"2,722",806,15,21.53,0,0,"16,385"
11/17/16,Peru,0,143,17,0.46,0,0,"31,374"
11/17/16,Venezuela (Bolivarian Republic of),"58,758","2,244",0,193.54,0,0,"31,519"
11/17/16,Brazil,"200,465","109,596",0,147.95,6,"2,143","209,568"
11/17/16,Argentina,"1,821",26,27,4.21,0,1,"43,847"
11/17/16,Chile,0,0,29,0,0,0,"18,132"
11/17/16,Paraguay,546,12,0,8.3,0,2,"6,725"
11/17/16,Uruguay,0,0,1,0,0,0,344
11/17/16,Anguilla,40,5,1,264.71,0,0,17
11/17/16,Antigua and Barbuda,393,14,2,432.98,0,0,94
11/17/16,Aruba,614,28,7,563.16,0,0,114
11/17/16,Bahamas,0,21,3,5.34,0,0,393
11/17/16,Barbados,653,37,0,237.11,0,0,291
11/17/16,"Bonaire, St Eustatius and Saba",0,85,0,340,0,0,25
11/17/16,Cayman Islands,201,29,10,403.51,0,0,57
11/17/16,Curacao,0,820,0,550.34,0,0,149
11/17/16,Dominica,"1,150",79,0,1660.81,0,0,74
11/17/16,Grenada,314,108,0,380.18,0,1,111
11/17/16,Guyana,0,6,0,0.78,0,0,771
11/17/16,Jamaica,"6,449",122,0,234.43,0,0,"2,803"
11/17/16,Montserrat,0,2,0,40,0,0,5
11/17/16,Saint Kitts and Nevis,532,26,0,1073.08,0,0,52
11/17/16,Saint Lucia,822,50,0,531.71,0,0,164
11/17/16,Saint Vincent and the Grenadines,156,38,0,190.2,0,0,102
11/17/16,Sint Maarten (Dutch part),168,62,0,560.98,0,0,41
11/17/16,Suriname,"2,755",723,0,634.67,4,2,548
11/17/16,Trinidad and Tobago,0,643,1,47.11,0,1,"1,365"
11/17/16,Turks and Caicos Islands,115,12,3,249.02,0,0,51
11/17/16,Virgin Islands (UK),51,38,0,261.76,0,0,34
11/17/16,Virgin Islands (US),803,462,0,1228.16,0,0,103
11/30/16,Bermuda,0,0,5,0,0,0,71
11/30/16,Canada,0,0,374,0,0,0,"36,286"
11/30/16,United States of America,0,183,"4,261",0.06,0,33,"324,119"
11/30/16,Mexico,0,"6,764",15,5.26,0,0,"128,632"
11/30/16,Belize,537,49,0,159.67,0,0,367
11/30/16,Costa Rica,"2,618","1,453",32,83.82,0,2,"4,857"
11/30/16,El Salvador,"11,363",51,0,185.71,0,4,"6,146"
11/30/16,Guatemala,"2,785",466,0,19.5,0,15,"16,673"
11/30/16,Honduras,"31,863",298,0,392.69,0,2,"8,190"
11/30/16,Nicaragua,0,"2,045",3,33.25,0,0,"6,150"
11/30/16,Panama,"2,168",544,42,67.97,0,5,"3,990"
11/30/16,Cuba,0,3,30,0.03,0,0,"11,393"
11/30/16,Dominican Republic,"4,898",327,0,49.07,0,22,"10,649"
11/30/16,French Guiana,"9,700",483,10,3689.49,0,14,276
11/30/16,Guadeloupe,"30,845",379,0,6629.3,0,1,471
11/30/16,Haiti,"2,955",5,0,27.29,0,1,"10,848"
11/30/16,Martinique,"36,680",12,0,9265.66,0,14,396
11/30/16,Puerto Rico,0,"34,562",1,938.93,5,5,"3,681"
11/30/16,Saint Barthelemy,930,61,0,11011.11,0,0,9
11/30/16,Saint Martin,"2,950",200,0,8750,0,0,36
11/30/16,Bolivia (Plurinational State of),718,140,4,7.88,0,9,"10,888"
11/30/16,Colombia,"96,692","8,826",0,216.87,0,60,"48,654"
11/30/16,Ecuador,"2,668",833,15,21.37,0,0,"16,385"
11/30/16,Peru,0,171,18,0.55,0,0,"31,374"
11/30/16,Venezuela (Bolivarian Republic of),"59,147","2,380",0,195.21,0,0,"31,519"
11/30/16,Brazil,"200,465","109,596",0,147.95,6,"2,189","209,568"
11/30/16,Argentina,"1,821",26,27,4.21,0,1,"43,847"
11/30/16,Chile,0,0,29,0,0,0,"18,132"
11/30/16,Paraguay,583,12,0,8.85,0,2,"6,725"
11/30/16,Uruguay,0,0,1,0,0,0,344
11/30/16,Anguilla,53,8,1,358.82,0,0,17
11/30/16,Antigua and Barbuda,465,14,2,509.57,0,0,94
11/30/16,Aruba,614,28,7,563.16,0,0,114
11/30/16,Bahamas,0,21,3,5.34,0,0,393
11/30/16,Barbados,653,37,0,237.11,0,0,291
11/30/16,"Bonaire, St Eustatius and Saba",0,85,0,340,0,0,25
11/30/16,Cayman Islands,201,29,10,403.51,0,0,57
11/30/16,Curacao,0,820,0,550.34,0,0,149
11/30/16,Dominica,"1,150",79,0,1660.81,0,0,74
11/30/16,Grenada,314,109,0,381.08,0,1,111
11/30/16,Guyana,0,6,0,0.78,0,0,771
11/30/16,Jamaica,"7,052",186,0,258.22,0,0,"2,803"
11/30/16,Montserrat,0,2,0,40,0,0,5
11/30/16,Saint Kitts and Nevis,532,26,0,1073.08,0,0,52
11/30/16,Saint Lucia,822,50,0,531.71,0,0,164
11/30/16,Saint Vincent and the Grenadines,156,38,0,190.2,0,0,102
11/30/16,Sint Maarten (Dutch part),168,62,0,560.98,0,0,41
11/30/16,Suriname,"2,755",723,0,634.67,4,2,548
11/30/16,Trinidad and Tobago,0,643,1,47.11,0,1,"1,365"
11/30/16,Turks and Caicos Islands,115,12,3,249.02,0,0,51
11/30/16,Virgin Islands (UK),51,38,0,261.76,0,0,34
11/30/16,Virgin Islands (US),803,462,0,1228.16,0,0,103
12/15/16,Bermuda,0,0,5,0,0,0,71
12/15/16,Canada,0,0,382,0,0,1,36286
12/15/16,United States of America,0,186,4431,0.057386,0,37,324119
12/15/16,Mexico,0,6921,15,5.380465,0,0,128632
12/15/16,Belize,715,66,0,212.8065,0,0,367
12/15/16,Costa Rica,2723,1553,32,88.03788,0,2,4857
12/15/16,El Salvador,11379,51,0,185.9746,0,4,6146
12/15/16,Guatemala,3290,784,0,24.43471,0,15,16673
12/15/16,Honduras,31936,298,0,393.5775,0,2,8190
12/15/16,Nicaragua,0,2051,3,33.34959,0,2,6150
12/15/16,Panama,2456,600,42,76.59148,0,5,3990
12/15/16,Cuba,0,3,30,0.026332,0,0,11393
12/15/16,Dominican Republic,4903,331,0,49.15015,0,22,10649
12/15/16,French Guiana,9700,483,10,3689.493,0,14,276
12/15/16,Guadeloupe,30845,379,0,6629.299,0,1,471
12/15/16,Haiti,2955,5,0,27.28614,0,1,10848
12/15/16,Martinique,36680,12,0,9265.657,0,14,396
12/15/16,Puerto Rico,0,35136,1,954.5232,5,7,3681
12/15/16,Saint Barthelemy,950,61,0,11233.33,0,0,9
12/15/16,Saint Martin,3020,200,0,8944.444,0,0,36
12/15/16,Bolivia (Plurinational State of),741,140,4,8.091477,0,9,10888
12/15/16,Colombia,97038,8826,0,217.5854,0,67,48654
12/15/16,Ecuador,2693,839,15,21.5563,0,0,16385
12/15/16,Peru,898,154,27,3.353095,0,0,31374
12/15/16,Venezuela (Bolivarian Republic of),59235,2380,0,195.4853,0,0,31519
12/15/16,Brazil,210897,109596,0,152.9303,6,2228,209568
12/15/16,Argentina,1821,26,29,4.212375,0,2,43847
12/15/16,Chile,0,0,29,0,0,0,18132
12/15/16,Paraguay,590,14,0,8.981413,0,2,6725
12/15/16,Uruguay,0,0,1,0,0,0,344
12/15/16,Anguilla,58,8,1,388.2353,0,0,17
12/15/16,Antigua and Barbuda,465,14,2,509.5745,0,0,94
12/15/16,Aruba,614,28,7,563.1579,0,0,114
12/15/16,Bahamas,0,22,3,5.597964,0,0,393
12/15/16,Barbados,691,46,0,253.2646,0,0,291
12/15/16,"Bonaire, St Eustatius and Saba",0,85,0,340,0,0,25
12/15/16,Cayman Islands,211,30,10,422.807,0,0,57
12/15/16,Curacao,0,820,0,550.3356,0,0,149
12/15/16,Dominica,1150,79,0,1660.811,0,0,74
12/15/16,Grenada,314,111,0,382.8829,0,1,111
12/15/16,Guyana,0,37,0,4.798962,0,0,771
12/15/16,Jamaica,7052,186,0,258.2233,0,0,2803
12/15/16,Montserrat,2,5,0,140,0,0,5
12/15/16,Saint Kitts and Nevis,532,26,0,1073.077,0,0,52
12/15/16,Saint Lucia,822,50,0,531.7073,0,0,164
12/15/16,Saint Vincent and the Grenadines,508,83,0,579.4118,0,0,102
12/15/16,Sint Maarten (Dutch part),168,62,0,560.9756,0,0,41
12/15/16,Suriname,2758,723,0,635.219,4,2,548
12/15/16,Trinidad and Tobago,0,643,1,47.10623,0,1,1365
12/15/16,Turks and Caicos Islands,179,17,3,384.3137,0,0,51
12/15/16,Virgin Islands (UK),74,52,0,370.5882,0,0,34
12/15/16,Virgin Islands (US),1007,841,0,1794.175,0,0,103
12/26/16,Bermuda,0,0,5,0,0,0,71
12/26/16,Canada,0,0,421,0,0,1,36286
12/26/16,United States of America,0,217,4592,0.066951,0,39,324119
12/26/16,Mexico,0,7335,15,5.702314,0,0,128632
12/26/16,Belize,756,68,0,224.5232,0,0,367
12/26/16,Costa Rica,3840,1581,32,111.6121,0,2,4857
12/26/16,El Salvador,11413,51,0,186.5278,0,4,6146
12/26/16,Guatemala,3343,788,0,24.77658,0,15,16673
12/26/16,Honduras,31936,298,0,393.5775,0,2,8190
12/26/16,Nicaragua,0,2053,3,33.38211,0,2,6150
12/26/16,Panama,2570,652,42,80.75188,0,5,3990
12/26/16,Cuba,0,3,30,0.026332,0,0,11393
12/26/16,Dominican Republic,4903,331,0,49.15015,0,22,10649
12/26/16,French Guiana,9700,483,10,3689.493,0,16,276
12/26/16,Guadeloupe,30845,379,0,6629.299,0,6,471
12/26/16,Haiti,2955,5,0,27.28614,0,1,10848
12/26/16,Martinique,36680,12,0,9265.657,0,18,396
12/26/16,Puerto Rico,0,35870,1,974.4635,5,10,3681
12/26/16,Saint Barthelemy,975,61,0,11511.11,0,0,9
12/26/16,Saint Martin,3115,200,0,9208.333,0,0,36
12/26/16,Bolivia (Plurinational State of),741,156,4,8.238428,0,14,10888
12/26/16,Colombia,96649,9799,0,218.7857,0,72,48654
12/26/16,Ecuador,2678,853,15,21.5502,0,0,16385
12/26/16,Peru,1395,382,18,5.663926,0,0,31374
12/26/16,Venezuela (Bolivarian Republic of),59235,2380,0,195.4853,0,0,31519
12/26/16,Brazil,211770,109596,0,153.3469,9,2289,209568
12/26/16,Argentina,1821,26,29,4.212375,0,1,43847
12/26/16,Chile,0,0,33,0,0,0,18132
12/26/16,Paraguay,555,14,0,8.460967,0,2,6725
12/26/16,Uruguay,0,0,1,0,0,0,344
12/26/16,Anguilla,23,18,1,241.1765,0,0,17
12/26/16,Antigua and Barbuda,465,14,2,509.5745,0,0,94
12/26/16,Aruba,676,28,7,617.5439,0,0,114
12/26/16,Bahamas,0,22,3,5.597964,0,0,393
12/26/16,Barbados,699,46,0,256.0137,0,0,291
12/26/16,"Bonaire, St Eustatius and Saba",0,85,0,340,0,0,25
12/26/16,Cayman Islands,211,30,10,422.807,0,0,57
12/26/16,Curacao,0,820,0,550.3356,0,0,149
12/26/16,Dominica,1150,79,0,1660.811,0,0,74
12/26/16,Grenada,314,111,0,382.8829,0,1,111
12/26/16,Guyana,0,37,0,4.798962,0,0,771
12/26/16,Jamaica,7052,186,0,258.2233,0,0,2803
12/26/16,Montserrat,2,5,0,140,0,0,5
12/26/16,Saint Kitts and Nevis,549,33,0,1119.231,0,0,52
12/26/16,Saint Lucia,822,50,0,531.7073,0,0,164
12/26/16,Saint Vincent and the Grenadines,508,83,0,579.4118,0,0,102
12/26/16,Sint Maarten (Dutch part),168,62,0,560.9756,0,0,41
12/26/16,Suriname,2758,723,0,635.219,4,2,548
12/26/16,Trinidad and Tobago,0,643,1,47.10623,0,1,1365
12/26/16,Turks and Caicos Islands,179,17,3,384.3137,0,0,51
12/26/16,Virgin Islands (UK),74,52,0,370.5882,0,0,34
12/26/16,Virgin Islands (US),1028,877,0,1849.515,0,0,103
01/12/17,Bermuda,0,0,5,0,0,0,71
01/12/17,Canada,0,0,439,0,0,1,"36,286"
01/12/17,United States of America,0,217,"4,649",0.07,0,41,"324,119"
01/12/17,Mexico,0,"7,575",15,5.89,0,0,"128,632"
01/12/17,Belize,756,68,0,224.52,0,0,367
01/12/17,Costa Rica,"5,737","1,649",32,152.07,0,2,"4,857"
01/12/17,El Salvador,"11,434",51,0,186.87,0,4,"6,146"
01/12/17,Guatemala,"3,343",788,0,24.78,0,15,"16,673"
01/12/17,Honduras,"31,936",298,0,393.58,0,2,"8,190"
01/12/17,Nicaragua,0,"2,053",3,33.38,0,2,"6,150"
01/12/17,Panama,"2,663",676,42,83.68,0,5,"3,990"
01/12/17,Cuba,0,3,30,0.03,0,0,"11,393"
01/12/17,Dominican Republic,"4,908",333,0,49.22,0,22,"10,649"
01/12/17,French Guiana,"9,700",483,10,3689.49,0,16,276
01/12/17,Guadeloupe,"30,845",379,0,6629.3,0,6,471
01/12/17,Haiti,"2,955",5,0,27.29,0,1,"10,848"
01/12/17,Martinique,"36,680",12,0,9265.66,0,18,396
01/12/17,Puerto Rico,0,"36,375",1,988.18,5,10,"3,681"
01/12/17,Saint Barthelemy,975,61,0,11511.11,0,0,9
01/12/17,Saint Martin,"3,115",200,0,9208.33,0,0,36
01/12/17,Bolivia (Plurinational State of),741,156,4,8.24,0,14,"10,888"
01/12/17,Colombia,"96,860","9,799",0,219.22,0,77,"48,654"
01/12/17,Ecuador,"2,680",875,15,21.7,0,0,"16,385"
01/12/17,Peru,"1,767",389,21,6.87,0,0,"31,374"
01/12/17,Venezuela (Bolivarian Republic of),"59,235","2,380",0,195.49,0,0,"31,519"
01/12/17,Brazil,"214,193","128,266",0,163.41,9,"2,366","209,568"
01/12/17,Argentina,"1,821",26,29,4.21,0,1,"43,847"
01/12/17,Chile,0,0,33,0,0,0,"18,132"
01/12/17,Paraguay,555,14,0,8.46,0,2,"6,725"
01/12/17,Uruguay,0,0,1,0,0,0,"3,444"
01/12/17,Anguilla,28,16,1,258.82,0,0,17
01/12/17,Antigua and Barbuda,465,14,2,509.57,0,0,94
01/12/17,Aruba,676,28,7,617.54,0,0,114
01/12/17,Bahamas,0,22,3,5.6,0,0,393
01/12/17,Barbados,699,46,0,256.01,0,0,291
01/12/17,"Bonaire, St Eustatius and Saba",0,85,0,340,0,0,25
01/12/17,Cayman Islands,211,30,10,422.81,0,0,57
01/12/17,Curacao,0,820,0,550.34,0,0,149
01/12/17,Dominica,"1,150",79,0,1660.81,0,0,74
01/12/17,Grenada,316,111,0,384.68,0,1,111
01/12/17,Guyana,0,37,0,4.8,0,0,771
01/12/17,Jamaica,"7,052",186,0,258.22,0,0,"2,803"
01/12/17,Montserrat,2,5,0,140,0,0,5
01/12/17,Saint Kitts and Nevis,549,33,0,1119.23,0,0,52
01/12/17,Saint Lucia,822,50,0,531.71,0,0,164
01/12/17,Saint Vincent and the Grenadines,508,83,0,579.41,0,0,102
01/12/17,Sint Maarten (Dutch part),367,143,0,1243.9,0,0,41
01/12/17,Suriname,"2,760",723,0,635.58,4,2,548
01/12/17,Trinidad and Tobago,0,643,1,47.11,0,1,"1,365"
01/12/17,Turks and Caicos Islands,179,17,3,384.31,0,0,51
01/12/17,Virgin Islands (UK),74,52,0,370.59,0,0,34
01/12/17,Virgin Islands (US),"1,034",917,0,1894.17,0,0,103
01/26/17,Bermuda,0,0,5,0,0,0,71
01/26/17,Canada,0,0,439,0,0,1,36284
01/26/17,United States of America,0,220,4710,0.067631,0,42,325296
01/26/17,Mexico,0,7615,15,5.920357,0,0,128624
01/26/17,Belize,816,73,0,239.6226,0,0,371
01/26/17,Costa Rica,5906,1686,32,155.5419,0,2,4881
01/26/17,El Salvador,11452,51,0,187.1319,0,4,6147
01/26/17,Guatemala,3373,788,0,24.95502,0,15,16674
01/26/17,Honduras,31936,298,0,393.5775,0,2,8190
01/26/17,Nicaragua,0,2059,3,33.2956,0,2,6184
01/26/17,Panama,2957,786,42,93.80952,0,5,3990
01/26/17,Cuba,0,187,58,1.641503,0,0,11392
01/26/17,Dominican Republic,4908,333,0,48.94471,0,22,10708
01/26/17,French Guiana,9700,483,10,3689.493,0,16,276
01/26/17,Guadeloupe,30845,379,0,6615.254,0,6,472
01/26/17,Haiti,2955,5,0,27.11616,0,1,10916
01/26/17,Martinique,36680,12,0,9265.657,0,18,396
01/26/17,Puerto Rico,0,37417,1,1016.49,5,11,3681
01/26/17,Saint Barthelemy,975,61,0,10360,0,0,10
01/26/17,Saint Martin,3115,200,0,9208.333,0,0,36
01/26/17,Bolivia (Plurinational State of),837,192,4,9.379273,0,14,10971
01/26/17,Colombia,96954,9799,0,219.4306,0,82,48650
01/26/17,Ecuador,2716,885,15,21.81631,0,0,16506
01/26/17,Peru,1958,399,21,7.372537,0,0,31970
01/26/17,Venezuela (Bolivarian Republic of),59503,2413,0,196.4465,0,0,31518
01/26/17,Brazil,214193,128266,0,163.4236,9,2366,209553
01/26/17,Argentina,1821,26,29,4.192011,0,1,44060
01/26/17,Chile,0,0,33,0,0,0,18131
01/26/17,Paraguay,568,14,0,8.654275,0,2,6725
01/26/17,Uruguay,0,0,1,0,0,0,3444
01/26/17,Anguilla,27,19,1,270.5882,0,0,17
01/26/17,Antigua and Barbuda,465,14,2,509.5745,0,0,94
01/26/17,Aruba,676,28,7,617.5439,0,0,114
01/26/17,Bahamas,0,25,3,6.329114,0,0,395
01/26/17,Barbados,699,46,0,255.137,0,0,292
01/26/17,"Bonaire, St Eustatius and Saba",0,85,0,340,0,0,25
01/26/17,Cayman Islands,211,30,10,415.5172,0,0,58
01/26/17,Curacao,0,820,0,550.3356,0,0,149
01/26/17,Dominica,1150,79,0,1660.811,0,0,74
01/26/17,Grenada,316,111,0,384.6847,0,1,111
01/26/17,Guyana,0,37,0,4.786546,0,0,773
01/26/17,Jamaica,7354,203,0,269.1239,0,0,2808
01/26/17,Montserrat,2,5,0,140,0,0,5
01/26/17,Saint Kitts and Nevis,549,33,0,1098.113,0,0,53
01/26/17,Saint Lucia,822,50,0,528.4848,0,0,165
01/26/17,Saint Vincent and the Grenadines,508,83,0,579.4118,0,0,102
01/26/17,Sint Maarten (Dutch part),367,143,0,1214.286,0,0,42
01/26/17,Suriname,2760,723,0,635.5839,4,4,548
01/26/17,Trinidad and Tobago,0,643,1,47.03731,0,1,1367
01/26/17,Turks and Caicos Islands,179,17,3,376.9231,0,0,52
01/26/17,Virgin Islands (UK),74,52,0,360,0,0,35
01/26/17,Virgin Islands (US),1034,917,0,1894.175,0,0,103
02/09/17,Bermuda,0,0,6,0,0,0,71
02/09/17,Canada,0,0,439,0,0,1,36284
02/09/17,United States of America,0,221,"4,780",0.07,0,43,"325,296"
02/09/17,Mexico,0,7720,15,6.00199,0,1,128624
02/09/17,Belize,816,73,0,239.6226,0,0,371
02/09/17,Costa Rica,6039,1708,32,158.7175,0,2,4881
02/09/17,El Salvador,11478,51,0,187.5549,0,4,6147
02/09/17,Guatemala,3373,788,0,24.95502,0,36,16674
02/09/17,Honduras,32063,298,0,395.1282,0,2,8190
02/09/17,Nicaragua,0,2059,3,33.2956,0,2,6184
02/09/17,Panama,3236,831,42,101.9298,0,5,3990
02/09/17,Cuba,0,187,58,1.641503,0,0,11392
02/09/17,Dominican Republic,4896,345,0,48.94471,0,59,10708
02/09/17,French Guiana,10205,483,10,3872.464,0,16,276
02/09/17,Guadeloupe,30845,382,0,6615.89,0,13,472
02/09/17,Haiti,2955,5,0,27.11616,0,1,10916
02/09/17,Martinique,36680,15,0,9266.414,0,19,396
02/09/17,Puerto Rico,0,38297,137,1040.397,5,11,3681
02/09/17,Saint Barthelemy,993,61,0,10540,0,0,10
02/09/17,Saint Martin,3185,200,0,9402.778,0,0,36
02/09/17,Bolivia (Plurinational State of),837,192,4,9.379273,0,14,10971
02/09/17,Colombia,97131,9799,0,219.7945,0,90,48650
02/09/17,Ecuador,2782,912,15,22.37974,0,0,16506
02/09/17,Peru,2375,416,21,8.730059,0,0,31970
02/09/17,Venezuela (Bolivarian Republic of),59640,2413,0,196.8811,0,0,31518
02/09/17,Brazil,215319,130701,0,165.1229,11,2366,209553
02/09/17,Argentina,2251,26,29,5.167953,0,2,44060
02/09/17,Chile,0,0,33,0,0,0,18131
02/09/17,Paraguay,619,14,0,9.412639,0,2,6725
02/09/17,Uruguay,0,0,1,0,0,0,3444
02/09/17,Anguilla,30,19,1,288.2353,0,0,17
02/09/17,Antigua and Barbuda,465,14,2,509.5745,0,0,94
02/09/17,Aruba,676,28,7,617.5439,0,0,114
02/09/17,Bahamas,0,25,3,6.329114,0,0,395
02/09/17,Barbados,699,46,0,255.137,0,0,292
02/09/17,"Bonaire, St Eustatius and Saba",0,85,0,340,0,0,25
02/09/17,Cayman Islands,217,31,10,427.5862,0,0,58
02/09/17,Curacao,0,820,0,550.3356,0,0,149
02/09/17,Dominica,1150,79,0,1660.811,0,0,74
02/09/17,Grenada,316,111,0,384.6847,0,1,111
02/09/17,Guyana,0,37,0,4.786546,0,0,773
02/09/17,Jamaica,7371,203,0,269.7293,0,0,2808
02/09/17,Montserrat,18,5,0,460,0,0,5
02/09/17,Saint Kitts and Nevis,549,33,0,1098.113,0,0,53
02/09/17,Saint Lucia,822,50,0,528.4848,0,0,165
02/09/17,Saint Vincent and the Grenadines,508,83,0,579.4118,0,0,102
02/09/17,Sint Maarten (Dutch part),367,143,0,1214.286,0,0,42
02/09/17,Suriname,2764,723,0,636.3139,4,4,548
02/09/17,Trinidad and Tobago,0,643,1,47.03731,0,1,1367
02/09/17,Turks and Caicos Islands,175,25,3,384.6154,0,0,52
02/09/17,Virgin Islands (UK),74,52,0,360,0,0,35
02/09/17,Virgin Islands (US),1057,960,2,1958.252,0,0,103
02/23/17,Bermuda,0,0,6,0,0,0,71
02/23/17,Canada,0,0,473,0,0,1,36284
02/23/17,United States of America,0,222,"4,747",0.07,0,48,"325,296"
02/23/17,Mexico,0,7873,15,6.12,0,1,128624
02/23/17,Belize,816,73,0,239.62,0,0,371
02/23/17,Costa Rica,6077,1725,32,159.84,0,2,4881
02/23/17,El Salvador,11506,51,0,188.01,0,4,6147
02/23/17,Guatemala,3464,890,0,26.11,0,37,16674
02/23/17,Honduras,32079,298,0,395.32,0,2,8190
02/23/17,Nicaragua,0,2060,3,33.31,0,2,6184
02/23/17,Panama,3762,897,42,116.77,0,5,3990
02/23/17,Cuba,0,187,58,1.64,0,0,11392
02/23/17,Dominican Republic,4896,345,0,48.94,0,59,10708
02/23/17,French Guiana,10205,483,10,3872.46,0,16,276
02/23/17,Guadeloupe,30845,382,0,6615.89,0,13,472
02/23/17,Haiti,2955,5,0,27.12,0,1,10916
02/23/17,Martinique,36680,15,0,9266.41,0,19,396
02/23/17,Puerto Rico,0,38733,137,1052.24,5,12,3681
02/23/17,Saint Barthelemy,990,61,0,10510,0,0,10
02/23/17,Saint Martin,3215,200,0,9486.11,0,1,36
02/23/17,Bolivia (Plurinational State of),837,192,4,9.38,0,14,10971
02/23/17,Colombia,97301,9799,0,220.14,0,113,48650
02/23/17,Ecuador,2785,929,15,22.5,0,0,16506
02/23/17,Peru,2564,450,21,9.43,0,0,31970
02/23/17,Venezuela (Bolivarian Republic of),59685,2413,0,197.02,0,0,31518
02/23/17,Brazil,215635,130840,0,165.34,11,2366,209553
02/23/17,Argentina,2251,26,29,5.17,0,2,44060
02/23/17,Chile,0,0,33,0,0,0,18131
02/23/17,Paraguay,611,14,0,9.29,0,2,6725
02/23/17,Uruguay,0,0,1,0,0,0,3444
02/23/17,Anguilla,30,19,1,288.24,0,0,17
02/23/17,Antigua and Barbuda,465,14,2,509.57,0,0,94
02/23/17,Aruba,880,34,7,801.75,0,0,114
02/23/17,Bahamas,0,25,3,6.33,0,0,395
02/23/17,Barbados,699,46,0,255.14,0,0,292
02/23/17,"Bonaire, St Eustatius and Saba",0,343,0,1372,0,0,25
02/23/17,Cayman Islands,217,31,10,427.59,0,0,58
02/23/17,Curacao,2589,1259,0,2582.55,0,0,149
02/23/17,Dominica,1150,79,0,1660.81,0,0,74
02/23/17,Grenada,335,112,0,402.7,0,1,111
02/23/17,Guyana,0,37,0,4.79,0,0,773
02/23/17,Jamaica,7371,203,0,269.73,0,0,2808
02/23/17,Montserrat,18,5,0,460,0,0,5
02/23/17,Saint Kitts and Nevis,549,33,0,1098.11,0,0,53
02/23/17,Saint Lucia,822,50,0,528.48,0,0,165
02/23/17,Saint Vincent and the Grenadines,508,83,0,579.41,0,0,102
02/23/17,Sint Maarten (Dutch part),247,147,0,938.1,0,0,42
02/23/17,Suriname,2764,723,0,636.31,4,4,548
02/23/17,Trinidad and Tobago,0,718,1,52.52,0,1,1367
02/23/17,Turks and Caicos Islands,175,25,3,384.62,0,0,52
02/23/17,Virgin Islands (UK),74,52,0,360,0,0,35
02/23/17,Virgin Islands (US),1059,985,2,1984.47,0,0,103
03/09/17,Bermuda,0,0,6,0,0,0,71
03/09/17,Canada,0,0,473,0,0,1,36284
03/09/17,United States of America,0,222,"4,813",0.07,0,52,"325,296"
03/09/17,Mexico,0,8113,15,6.31,0,1,128624
03/09/17,Belize,816,73,0,239.62,0,0,371
03/09/17,Costa Rica,6131,1743,32,161.32,0,2,4881
03/09/17,El Salvador,11523,51,0,188.29,0,4,6147
03/09/17,Guatemala,3464,890,0,26.11,0,37,16674
03/09/17,Honduras,32105,298,0,395.64,0,2,8190
03/09/17,Nicaragua,0,2060,3,33.31,0,2,6184
03/09/17,Panama,3762,897,42,116.77,0,5,3990
03/09/17,Cuba,0,187,58,1.64,0,0,11392
03/09/17,Dominican Republic,4896,345,0,48.94,0,54,10708
03/09/17,French Guiana,10320,483,10,3914.13,0,17,276
03/09/17,Guadeloupe,30845,382,0,6615.89,0,14,472
03/09/17,Haiti,2955,5,0,27.12,0,1,10916
03/09/17,Martinique,36680,21,0,9267.93,0,22,396
03/09/17,Puerto Rico,0,39339,137,1068.7,5,12,3681
03/09/17,Saint Barthelemy,990,61,0,10510,0,0,10
03/09/17,Saint Martin,3215,200,0,9486.11,0,1,36
03/09/17,Bolivia (Plurinational State of),837,192,4,9.38,0,14,10971
03/09/17,Colombia,97404,9802,0,220.36,0,128,48650
03/09/17,Ecuador,2785,929,15,22.5,0,0,16506
03/09/17,Peru,1952,879,22,8.86,0,0,31970
03/09/17,Venezuela (Bolivarian Republic of),59787,2413,0,197.35,0,0,31518
03/09/17,Brazil,215635,130840,0,165.34,11,2386,209553
03/09/17,Argentina,2251,28,29,5.17,0,2,44060
03/09/17,Chile,0,0,33,0,0,0,18131
03/09/17,Paraguay,650,14,0,9.87,0,2,6725
03/09/17,Uruguay,0,0,1,0,0,0,3444
03/09/17,Anguilla,28,22,1,294.12,0,0,17
03/09/17,Antigua and Barbuda,465,14,2,509.57,0,0,94
03/09/17,Aruba,880,34,7,801.75,0,0,114
03/09/17,Bahamas,0,25,3,6.33,0,0,395
03/09/17,Barbados,699,46,0,255.14,0,0,292
03/09/17,"Bonaire, St Eustatius and Saba",0,343,0,1372,0,0,25
03/09/17,Cayman Islands,217,31,10,427.59,0,0,58
03/09/17,Curacao,2589,1259,0,2582.55,0,0,149
03/09/17,Dominica,1150,79,0,1660.81,0,0,74
03/09/17,Grenada,335,112,0,402.7,0,1,111
03/09/17,Guyana,0,37,0,4.79,0,0,773
03/09/17,Jamaica,7371,203,0,269.73,0,0,2808
03/09/17,Montserrat,18,5,0,460,0,0,5
03/09/17,Saint Kitts and Nevis,549,33,0,1098.11,0,0,53
03/09/17,Saint Lucia,822,50,0,528.48,0,0,165
03/09/17,Saint Vincent and the Grenadines,508,83,0,579.41,0,0,102
03/09/17,Sint Maarten (Dutch part),247,147,0,938.1,0,0,42
03/09/17,Suriname,2767,723,0,636.86,4,4,548
03/09/17,Trinidad and Tobago,0,718,1,52.52,0,3,1367
03/09/17,Turks and Caicos Islands,175,25,3,384.62,0,0,52
03/09/17,Virgin Islands (UK),74,52,0,360,0,0,35
03/09/17,Virgin Islands (US),1063,992,2,1995.15,0,0,103
03/23/17,Bermuda,0,0,6,0,0,0,71
03/23/17,Canada,0,0,478,0,0,1,"36,284"
03/23/17,United States of America,0,223,"4,842",0.07,0,61,"325,296"
03/23/17,Mexico,0,"8,174",15,6.35,0,5,"128,624"
03/23/17,Belize,816,73,0,239.62,0,0,371
03/23/17,Costa Rica,"6,202","1,759",32,163.1,0,2,"4,881"
03/23/17,El Salvador,"11,454",51,0,187.16,0,4,"6,147"
03/23/17,Guatemala,"3,598",921,0,27.1,0,59,"16,674"
03/23/17,Honduras,"32,123",302,0,395.91,0,3,"8,190"
03/23/17,Nicaragua,0,"2,060",3,33.31,0,2,"6,184"
03/23/17,Panama,"3,962",869,42,121.08,0,5,"3,990"
03/23/17,Cuba,0,187,58,1.64,0,0,"11,392"
03/23/17,Dominican Republic,"4,900",345,0,48.98,0,54,"10,708"
03/23/17,French Guiana,"10,320",483,10,3914.13,0,17,276
03/23/17,Guadeloupe,"30,845",382,0,6615.89,0,14,472
03/23/17,Haiti,"2,955",5,0,27.12,0,1,"10,916"
03/23/17,Martinique,"36,680",21,0,9267.93,0,22,396
03/23/17,Puerto Rico,0,"39,559",137,1074.68,5,12,"3,681"
03/23/17,Saint Barthelemy,990,61,0,10510,0,0,10
03/23/17,Saint Martin,"3,215",200,0,9486.11,0,1,36
03/23/17,Bolivia (Plurinational State of),"1,362",434,4,16.37,0,14,"10,971"
03/23/17,Colombia,"97,629","9,802",0,220.82,0,132,"48,650"
03/23/17,Ecuador,"2,804","1,058",15,23.4,0,0,"16,506"
03/23/17,Peru,"1,949",904,22,8.92,0,0,"31,970"
03/23/17,Venezuela (Bolivarian Republic of),"59,787","2,413",0,197.35,0,0,"31,518"
03/23/17,Brazil,"216,972","130,976",0,166.04,11,"2,386","209,553"
03/23/17,Argentina,"2,251",37,32,5.19,0,2,"44,060"
03/23/17,Chile,0,0,33,0,0,0,"18,131"
03/23/17,Paraguay,645,14,0,9.8,0,2,"6,725"
03/23/17,Uruguay,0,0,1,0,0,0,"3,444"
03/23/17,Anguilla,29,22,1,300,0,0,17
03/23/17,Antigua and Barbuda,465,14,2,509.57,0,0,94
03/23/17,Aruba,880,34,7,801.75,0,0,114
03/23/17,Bahamas,0,25,3,6.33,0,0,395
03/23/17,Barbados,699,46,0,255.14,0,0,292
03/23/17,"Bonaire, St Eustatius and Saba",0,343,0,1372,0,0,25
03/23/17,Cayman Islands,217,31,10,427.59,0,0,58
03/23/17,Curacao,"2,589","1,259",0,2582.55,0,0,149
03/23/17,Dominica,"1,150",79,0,1660.81,0,0,74
03/23/17,Grenada,335,112,0,402.7,0,1,111
03/23/17,Guyana,0,37,0,4.79,0,0,773
03/23/17,Jamaica,"7,371",203,0,269.73,0,0,"2,808"
03/23/17,Montserrat,18,5,0,460,0,0,5
03/23/17,Saint Kitts and Nevis,549,33,0,1098.11,0,0,53
03/23/17,Saint Lucia,822,50,0,528.48,0,0,165
03/23/17,Saint Vincent and the Grenadines,508,83,0,579.41,0,0,102
03/23/17,Sint Maarten (Dutch part),247,147,0,938.1,0,0,42
03/23/17,Suriname,"2,767",723,0,636.86,4,4,548
03/23/17,Trinidad and Tobago,0,718,1,52.52,0,3,"1,367"
03/23/17,Turks and Caicos Islands,175,25,3,384.62,0,0,52
03/23/17,Virgin Islands (UK),74,52,0,360,0,0,35
03/23/17,Virgin Islands (US),"1,078",997,2,2014.56,0,0,103
04/06/17,Bermuda,0,0,6,0,0,0,71
04/06/17,Canada,0,0,486,0,0,1,36284
04/06/17,United States of America,0,223,4901,0.07,0,63,325296
04/06/17,Mexico,0,8199,15,6.37,0,5,128624
04/06/17,Belize,816,73,0,239.62,0,0,371
04/06/17,Costa Rica,6247,1779,32,164.43,0,5,4881
04/06/17,El Salvador,11464,51,0,187.33,0,4,6147
04/06/17,Guatemala,3598,921,0,27.1,0,59,16674
04/06/17,Honduras,32130,302,0,396,0,2,8190
04/06/17,Nicaragua,0,2060,3,33.31,0,2,6184
04/06/17,Panama,4006,878,42,122.41,0,5,3990
04/06/17,Cuba,0,187,58,1.64,0,0,11392
04/06/17,Dominican Republic,4902,345,0,49,0,54,10708
04/06/17,French Guiana,10320,483,10,3914.13,0,17,276
04/06/17,Guadeloupe,30845,382,0,6615.89,0,14,472
04/06/17,Haiti,2955,5,0,27.12,0,1,10916
04/06/17,Martinique,36680,21,0,9267.93,0,22,396
04/06/17,Puerto Rico,0,39815,137,1081.64,5,12,3681
04/06/17,Saint Barthelemy,990,61,0,10510,0,0,10
04/06/17,Saint Martin,3215,200,0,9486.11,0,1,36
04/06/17,Bolivia (Plurinational State of),1767,585,4,21.44,0,14,10971
04/06/17,Colombia,97735,9802,0,221.04,0,136,48650
04/06/17,Ecuador,2837,1100,15,23.85,0,0,16506
04/06/17,Peru,1954,921,22,8.99,0,0,31970
04/06/17,Venezuela (Bolivarian Republic of),59885,2413,0,197.66,0,0,31518
04/06/17,Brazil,219280,131643,0,167.46,11,2542,209553
04/06/17,Argentina,2251,42,32,5.2,0,2,44060
04/06/17,Chile,0,0,34,0,0,0,18131
04/06/17,Paraguay,632,14,0,9.61,0,2,6725
04/06/17,Uruguay,0,0,1,0,0,0,3444
04/06/17,Anguilla,29,23,1,305.88,0,0,17
04/06/17,Antigua and Barbuda,465,14,2,509.57,0,0,94
04/06/17,Aruba,880,34,7,801.75,0,0,114
04/06/17,Bahamas,0,25,3,6.33,0,0,395
04/06/17,Barbados,699,46,0,255.14,0,0,292
04/06/17,"Bonaire, St Eustatius and Saba",0,343,0,1372,0,0,25
04/06/17,Cayman Islands,217,31,10,427.59,0,0,58
04/06/17,Curacao,2589,1259,0,2582.55,0,0,149
04/06/17,Dominica,1150,79,0,1660.81,0,0,74
04/06/17,Grenada,335,112,0,402.7,0,1,111
04/06/17,Guyana,0,37,0,4.79,0,0,773
04/06/17,Jamaica,7371,203,0,269.73,0,0,2808
04/06/17,Montserrat,18,5,0,460,0,0,5
04/06/17,Saint Kitts and Nevis,549,33,0,1098.11,0,0,53
04/06/17,Saint Lucia,822,50,0,528.48,0,0,165
04/06/17,Saint Vincent and the Grenadines,508,83,0,579.41,0,0,102
04/06/17,Sint Maarten (Dutch part),247,147,0,938.1,0,0,42
04/06/17,Suriname,2768,723,0,637.04,4,4,548
04/06/17,Trinidad and Tobago,0,718,1,52.52,0,3,1367
04/06/17,Turks and Caicos Islands,175,25,3,384.62,0,0,52
04/06/17,Virgin Islands (UK),74,52,0,360,0,0,35
04/06/17,Virgin Islands (US),1074,1010,2,2023.3,0,0,103
04/20/17,Bermuda,0,0,6,0,0,0,71
04/20/17,Canada,0,0,486,0,0,1,"36,284"
04/20/17,United States of America,0,224,"4,935",0.07,0,63,"325,296"
04/20/17,Mexico,0,"8,604",15,6.69,0,5,"128,624"
04/20/17,Belize,816,73,0,239.62,0,0,371
04/20/17,Costa Rica,"6,249","1,790",32,164.7,0,5,"4,881"
04/20/17,El Salvador,"11,471",51,0,187.44,0,4,"6,147"
04/20/17,Guatemala,"3,598",921,0,27.1,0,59,"16,674"
04/20/17,Honduras,"32,130",302,0,396,0,2,"8,190"
04/20/17,Nicaragua,0,"2,060",3,33.31,0,2,"6,184"
04/20/17,Panama,"4,122",910,42,126.12,0,5,"3,990"
04/20/17,Cuba,0,187,58,1.64,0,0,"11,392"
04/20/17,Dominican Republic,"4,902",345,0,49,0,54,"10,708"
04/20/17,French Guiana,"10,385",483,10,3937.68,0,17,276
04/20/17,Guadeloupe,"30,845",382,0,6615.89,0,18,472
04/20/17,Haiti,"2,955",5,0,27.12,0,1,"10,916"
04/20/17,Martinique,"36,680",21,0,9267.93,0,23,396
04/20/17,Puerto Rico,0,"39,984",137,1086.23,5,16,"3,681"
04/20/17,Saint Barthelemy,990,61,0,10510,0,0,10
04/20/17,Saint Martin,"3,280",200,0,9666.67,0,1,36
04/20/17,Bolivia (Plurinational State of),"1,767",585,4,21.44,0,14,"10,971"
04/20/17,Colombia,"97,855","9,802",0,221.29,0,143,"48,650"
04/20/17,Ecuador,"3,285","1,194",15,27.14,0,2,"16,506"
04/20/17,Peru,"3,112",964,22,12.75,0,0,"31,970"
04/20/17,Venezuela (Bolivarian Republic of),"59,903","2,413",0,197.72,0,0,"31,518"
04/20/17,Brazil,"220,213","132,021",0,168.09,11,"2,621","209,553"
04/20/17,Argentina,"2,251",48,35,5.22,0,2,"44,060"
04/20/17,Chile,0,0,34,0,0,0,"18,131"
04/20/17,Paraguay,653,14,0,9.92,0,2,"6,725"
04/20/17,Uruguay,0,0,1,0,0,0,"3,444"
04/20/17,Anguilla,29,23,1,305.88,0,0,17
04/20/17,Antigua and Barbuda,465,14,2,509.57,0,0,94
04/20/17,Aruba,880,34,7,801.75,0,0,114
04/20/17,Bahamas,0,25,3,6.33,0,0,395
04/20/17,Barbados,699,46,0,255.14,0,0,292
04/20/17,"Bonaire, St Eustatius and Saba",0,343,0,1372,0,0,25
04/20/17,Cayman Islands,217,31,10,427.59,0,0,58
04/20/17,Curacao,"2,589","1,259",0,2582.55,0,0,149
04/20/17,Dominica,"1,150",79,0,1660.81,0,0,74
04/20/17,Grenada,335,112,0,402.7,0,1,111
04/20/17,Guyana,0,37,0,4.79,0,0,773
04/20/17,Jamaica,"7,655",203,0,279.84,0,0,"2,808"
04/20/17,Montserrat,18,5,0,460,0,0,5
04/20/17,Saint Kitts and Nevis,549,33,0,1098.11,0,0,53
04/20/17,Saint Lucia,822,50,0,528.48,0,0,165
04/20/17,Saint Vincent and the Grenadines,508,83,0,579.41,0,0,102
04/20/17,Sint Maarten (Dutch part),247,147,0,938.1,0,0,42
04/20/17,Suriname,"2,768",723,0,637.04,4,4,548
04/20/17,Trinidad and Tobago,0,718,1,52.52,0,3,"1,367"
04/20/17,Turks and Caicos Islands,175,25,3,384.62,0,0,52
04/20/17,Virgin Islands (UK),74,52,0,360,0,0,35
04/20/17,Virgin Islands (US),"1,067","1,019",2,2025.24,0,0,103
05/04/17,Bermuda,0,0,6,0,0,0,71
05/04/17,Canada,0,0,486,0,0,1,36284
05/04/17,United States of America,0,225,"4,973",0.07,0,66,"325,296"
05/04/17,Mexico,0,8721,15,6.78,0,5,128624
05/04/17,Belize,816,73,0,239.62,0,0,371
05/04/17,Costa Rica,6249,1790,32,164.7,0,5,4881
05/04/17,El Salvador,11490,51,0,187.75,0,4,6147
05/04/17,Guatemala,3634,921,0,27.32,0,59,16674
05/04/17,Honduras,32130,302,0,396,0,4,8190
05/04/17,Nicaragua,0,2060,3,33.31,0,2,6184
05/04/17,Panama,4122,910,42,126.12,0,5,3990
05/04/17,Cuba,0,187,58,1.64,0,0,11392
05/04/17,Dominican Republic,4906,345,0,49.04,0,54,10708
05/04/17,French Guiana,10385,483,10,3937.68,0,17,276
05/04/17,Guadeloupe,30845,382,0,6615.89,0,18,472
05/04/17,Haiti,2955,5,0,27.12,0,1,10916
05/04/17,Martinique,36680,21,0,9267.93,0,23,396
05/04/17,Puerto Rico,0,40134,137,1090.3,5,29,3681
05/04/17,Saint Barthelemy,990,61,0,10510,0,0,10
05/04/17,Saint Martin,3280,200,0,9666.67,0,1,36
05/04/17,Bolivia (Plurinational State of),1767,585,4,21.44,0,14,10971
05/04/17,Colombia,97884,9802,0,221.35,0,148,48650
05/04/17,Ecuador,3285,1300,15,27.78,0,2,16506
05/04/17,Peru,4411,997,22,16.92,0,0,31970
05/04/17,Venezuela (Bolivarian Republic of),59965,2413,0,197.91,0,0,31518
05/04/17,Brazil,220213,132021,0,168.09,11,2653,209553
05/04/17,Argentina,2251,79,40,5.29,0,2,44060
05/04/17,Chile,0,0,34,0,0,0,18131
05/04/17,Paraguay,653,14,0,9.92,0,2,6725
05/04/17,Uruguay,0,0,1,0,0,0,3444
05/04/17,Anguilla,29,23,1,305.88,0,0,17
05/04/17,Antigua and Barbuda,465,14,2,509.57,0,0,94
05/04/17,Aruba,1208,468,7,1470.18,0,0,114
05/04/17,Bahamas,0,25,3,6.33,0,0,395
05/04/17,Barbados,705,150,0,292.81,0,1,292
05/04/17,"Bonaire, St Eustatius and Saba",235,381,0,2464,0,0,25
05/04/17,Cayman Islands,232,31,10,453.45,0,0,58
05/04/17,Curacao,2589,1259,0,2582.55,0,0,149
05/04/17,Dominica,1150,79,0,1660.81,0,0,74
05/04/17,Grenada,336,117,0,408.11,0,2,111
05/04/17,Guyana,0,37,0,4.79,0,0,773
05/04/17,Jamaica,7655,203,0,279.84,0,0,2808
05/04/17,Montserrat,18,5,0,460,0,0,5
05/04/17,Saint Kitts and Nevis,554,33,0,1107.55,0,0,53
05/04/17,Saint Lucia,822,50,0,528.48,0,0,165
05/04/17,Saint Vincent and the Grenadines,508,83,0,579.41,0,0,102
05/04/17,Sint Maarten (Dutch part),247,147,0,938.1,0,0,42
05/04/17,Suriname,2768,723,0,637.04,4,4,548
05/04/17,Trinidad and Tobago,0,718,1,52.52,0,3,1367
05/04/17,Turks and Caicos Islands,201,25,3,434.62,0,0,52
05/04/17,Virgin Islands (UK),74,52,0,360,0,0,35
05/04/17,Virgin Islands (US),1083,1021,2,2042.72,0,0,103
05/18/17,Bermuda,0,0,6,0,0,0,71
05/18/17,Canada,0,0,499,0,0,1,36284
05/18/17,United States of America,0,225,"5,010",0.07,0,72,"325,296"
05/18/17,Mexico,0,8735,15,6.79,0,5,128624
05/18/17,Belize,1294,206,0,404.31,0,0,371
05/18/17,Costa Rica,6344,1801,32,166.87,0,5,4881
05/18/17,El Salvador,11511,51,0,188.09,0,4,6147
05/18/17,Guatemala,3634,921,0,27.32,0,59,16674
05/18/17,Honduras,32130,302,0,396,0,4,8190
05/18/17,Nicaragua,0,2060,3,33.31,0,2,6184
05/18/17,Panama,4178,969,42,129,0,7,3990
05/18/17,Cuba,0,187,58,1.64,0,0,11392
05/18/17,Dominican Republic,4906,345,0,49.04,0,54,10708
05/18/17,French Guiana,10385,483,10,3937.68,0,17,276
05/18/17,Guadeloupe,30845,382,0,6615.89,0,18,472
05/18/17,Haiti,2955,5,0,27.12,0,1,10916
05/18/17,Martinique,36680,21,0,9267.93,0,23,396
05/18/17,Puerto Rico,0,40140,137,1090.46,5,35,3681
05/18/17,Saint Barthelemy,990,61,0,10510,0,0,10
05/18/17,Saint Martin,3280,200,0,9666.67,0,1,36
05/18/17,Bolivia (Plurinational State of),1767,585,4,21.44,0,14,10971
05/18/17,Colombia,97983,9802,0,221.55,0,151,48650
05/18/17,Ecuador,3972,1330,15,32.12,0,3,16506
05/18/17,Peru,5155,1011,22,19.29,0,0,31970
05/18/17,Venezuela (Bolivarian Republic of),59965,2413,0,197.91,0,0,31518
05/18/17,Brazil,223230,133527,0,170.25,11,2698,209553
05/18/17,Argentina,869,94,40,2.19,0,2,44060
05/18/17,Chile,0,0,34,0,0,0,18131
05/18/17,Paraguay,663,15,0,10.08,0,2,6725
05/18/17,Uruguay,0,0,1,0,0,0,3444
05/18/17,Anguilla,29,23,1,305.88,0,0,17
05/18/17,Antigua and Barbuda,465,14,2,509.57,0,0,94
05/18/17,Aruba,1208,468,7,1470.18,0,0,114
05/18/17,Bahamas,0,25,3,6.33,0,0,395
05/18/17,Barbados,705,150,0,292.81,0,1,292
05/18/17,"Bonaire, St Eustatius and Saba",235,381,0,2464,0,0,25
05/18/17,Cayman Islands,232,31,10,453.45,0,0,58
05/18/17,Curacao,2589,1259,0,2582.55,0,0,149
05/18/17,Dominica,1154,79,0,1666.22,0,0,74
05/18/17,Grenada,336,117,0,408.11,0,2,111
05/18/17,Guyana,0,37,0,4.79,0,0,773
05/18/17,Jamaica,7655,203,0,279.84,0,0,2808
05/18/17,Montserrat,18,5,0,460,0,0,5
05/18/17,Saint Kitts and Nevis,554,33,0,1107.55,0,0,53
05/18/17,Saint Lucia,822,50,0,528.48,0,0,165
05/18/17,Saint Vincent and the Grenadines,508,83,0,579.41,0,0,102
05/18/17,Sint Maarten (Dutch part),247,147,0,938.1,0,0,42
05/18/17,Suriname,2768,723,0,637.04,4,4,548
05/18/17,Trinidad and Tobago,0,718,1,52.52,0,3,1367
05/18/17,Turks and Caicos Islands,201,25,3,434.62,0,0,52
05/18/17,Virgin Islands (UK),74,52,0,360,0,0,35
05/18/17,Virgin Islands (US),1093,1026,2,2057.28,0,0,103
06/01/17,Bermuda,0,0,6,0,0,0,71
06/01/17,Canada,0,0,499,0,0,1,"36,284"
06/01/17,United States of America,0,225,"5,013",0.07,0,80,"325,296"
06/01/17,Mexico,0,"8,772",15,6.82,0,5,"128,624"
06/01/17,Belize,"1,294",206,0,404.31,0,0,371
06/01/17,Costa Rica,"6,396","1,810",32,168.12,0,5,"4,881"
06/01/17,El Salvador,"11,521",51,0,188.25,0,4,"6,147"
06/01/17,Guatemala,"3,678",921,0,27.58,0,140,"16,674"
06/01/17,Honduras,"32,130",302,0,396,0,4,"8,190"
06/01/17,Nicaragua,0,"2,060",3,33.31,0,2,"6,184"
06/01/17,Panama,"4,178",969,42,129,0,8,"3,990"
06/01/17,Cuba,0,187,58,1.64,0,0,"11,392"
06/01/17,Dominican Republic,"4,906",345,0,49.04,0,93,"10,708"
06/01/17,French Guiana,"10,385",483,10,3937.68,0,17,276
06/01/17,Guadeloupe,"30,845",382,0,6615.89,0,18,472
06/01/17,Haiti,"2,955",5,0,27.12,0,1,"10,916"
06/01/17,Martinique,"36,680",21,0,9267.93,0,23,396
06/01/17,Puerto Rico,0,"40,301",137,1094.84,5,35,"3,681"
06/01/17,Saint Barthelemy,990,61,0,10510,0,0,10
06/01/17,Saint Martin,"3,280",200,0,9666.67,0,1,36
06/01/17,Bolivia (Plurinational State of),"1,767",585,4,21.44,0,14,"10,971"
06/01/17,Colombia,"98,068","9,802",0,221.73,0,157,"48,650"
06/01/17,Ecuador,"3,972","1,330",15,32.12,0,3,"16,506"
06/01/17,Peru,"5,582","1,042",22,20.72,0,0,"31,970"
06/01/17,Venezuela (Bolivarian Republic of),"59,965","2,413",0,197.91,0,0,"31,518"
06/01/17,Brazil,"224,670","134,057",0,171.19,11,"2,698","209,553"
06/01/17,Argentina,869,101,40,2.2,0,2,"44,060"
06/01/17,Chile,0,0,34,0,0,0,"18,131"
06/01/17,Paraguay,674,16,0,10.26,0,2,"6,725"
06/01/17,Uruguay,0,0,1,0,0,0,"3,444"
06/01/17,Anguilla,29,23,1,305.88,0,0,17
06/01/17,Antigua and Barbuda,465,14,2,509.57,0,0,94
06/01/17,Aruba,"1,208",468,7,1470.18,0,0,114
06/01/17,Bahamas,0,25,3,6.33,0,0,395
06/01/17,Barbados,705,150,0,292.81,0,1,292
06/01/17,"Bonaire, St Eustatius and Saba",235,381,0,2464,0,0,25
06/01/17,Cayman Islands,232,31,10,453.45,0,0,58
06/01/17,Curacao,"2,589","1,259",0,2582.55,0,0,149
06/01/17,Dominica,"1,154",79,0,1666.22,0,0,74
06/01/17,Grenada,335,118,0,408.11,0,2,111
06/01/17,Guyana,0,37,0,4.79,0,0,773
06/01/17,Jamaica,"7,650",203,0,279.67,0,0,"2,808"
06/01/17,Montserrat,18,5,0,460,0,0,5
06/01/17,Saint Kitts and Nevis,554,33,0,1107.55,0,0,53
06/01/17,Saint Lucia,822,50,0,528.48,0,0,165
06/01/17,Saint Vincent and the Grenadines,508,83,0,579.41,0,0,102
06/01/17,Sint Maarten (Dutch part),247,147,0,938.1,0,0,42
06/01/17,Suriname,"2,768",723,0,637.04,4,4,548
06/01/17,Trinidad and Tobago,0,718,1,52.52,0,3,"1,367"
06/01/17,Turks and Caicos Islands,201,25,3,434.62,0,0,52
06/01/17,Virgin Islands (UK),74,53,0,362.86,0,0,35
06/01/17,Virgin Islands (US),"1,093","1,026",2,2057.28,0,0,103
06/15/17,Bermuda,0,0,6,0,0,0,71
06/15/17,Canada,0,0,507,0,0,1,"36,284"
06/15/17,United States of America,0,225,"5,026",0.07,0,72,"325,296"
06/15/17,Mexico,0,"8,821",15,6.86,0,5,"128,624"
06/15/17,Belize,"1,294",206,0,404.31,0,0,371
06/15/17,Costa Rica,"6,422","1,830",32,169.06,0,5,"4,881"
06/15/17,El Salvador,"11,531",51,0,188.42,0,4,"6,147"
06/15/17,Guatemala,"3,678",921,0,27.58,0,140,"16,674"
06/15/17,Honduras,"32,130",302,0,396,0,4,"8,190"
06/15/17,Nicaragua,0,"2,060",3,33.31,0,2,"6,184"
06/15/17,Panama,"4,178",969,42,129,0,8,"3,990"
06/15/17,Cuba,0,187,58,1.64,0,0,"11,392"
06/15/17,Dominican Republic,"4,906",345,0,49.04,0,93,"10,708"
06/15/17,French Guiana,"10,500",483,10,3979.35,0,1,276
06/15/17,Guadeloupe,"30,845",382,0,6615.89,0,5,472
06/15/17,Haiti,"2,955",5,0,27.12,0,1,"10,916"
06/15/17,Martinique,"36,680",21,0,9267.93,0,7,396
06/15/17,Puerto Rico,0,"40,398",137,1097.47,5,38,"3,681"
06/15/17,Saint Barthelemy,990,61,0,10510,0,0,10
06/15/17,Saint Martin,"3,280",200,0,9666.67,0,0,36
06/15/17,Bolivia (Plurinational State of),"1,767",585,4,21.44,0,14,"10,971"
06/15/17,Colombia,"98,161","9,802",0,221.92,0,163,"48,650"
06/15/17,Ecuador,"3,842","1,759",15,33.93,0,4,"16,506"
06/15/17,Peru,"5,874","1,218",22,22.18,0,0,"31,970"
06/15/17,Venezuela (Bolivarian Republic of),"59,965","2,413",0,197.91,0,0,"31,518"
06/15/17,Brazil,"224,670","134,057",0,171.19,11,"2,722","209,553"
06/15/17,Argentina,869,121,40,2.25,0,2,"44,060"
06/15/17,Chile,0,0,34,0,0,0,"18,131"
06/15/17,Paraguay,672,16,0,10.23,0,2,"6,725"
06/15/17,Uruguay,0,0,1,0,0,0,"3,444"
06/15/17,Anguilla,31,23,1,317.65,0,0,17
06/15/17,Antigua and Barbuda,465,14,2,509.57,0,0,94
06/15/17,Aruba,"1,208",468,7,1470.18,0,0,114
06/15/17,Bahamas,0,25,3,6.33,0,0,395
06/15/17,Barbados,705,150,0,292.81,0,1,292
06/15/17,"Bonaire, St Eustatius and Saba",235,381,0,2464,0,0,25
06/15/17,Cayman Islands,232,31,10,453.45,0,0,58
06/15/17,Curacao,"2,589","1,259",0,2582.55,0,0,149
06/15/17,Dominica,"1,154",79,0,1666.22,0,0,74
06/15/17,Grenada,335,118,0,408.11,0,2,111
06/15/17,Guyana,0,37,0,4.79,0,0,773
06/15/17,Jamaica,"7,650",203,0,279.67,0,0,"2,808"
06/15/17,Montserrat,18,5,0,460,0,0,5
06/15/17,Saint Kitts and Nevis,554,33,0,1107.55,0,0,53
06/15/17,Saint Lucia,822,50,0,528.48,0,0,165
06/15/17,Saint Vincent and the Grenadines,508,83,0,579.41,0,0,102
06/15/17,Sint Maarten (Dutch part),247,147,0,938.1,0,0,42
06/15/17,Suriname,"2,768",724,0,637.23,4,4,548
06/15/17,Trinidad and Tobago,0,718,1,52.52,0,3,"1,367"
06/15/17,Turks and Caicos Islands,200,25,3,432.69,0,0,52
06/15/17,Virgin Islands (UK),74,53,0,362.86,0,0,35
06/15/17,Virgin Islands (US),"1,131","1,017",2,2085.44,0,0,103
06/29/17,Bermuda,0,0,6,0,0,0,71
06/29/17,Canada,0,0,507,0,0,1,36284
06/29/17,United States of America,0,225,5033,0.07,0,80,325296
06/29/17,Mexico,0,8864,15,6.89,0,5,128624
06/29/17,Belize,1294,206,0,404.31,0,0,371
06/29/17,Costa Rica,6508,1833,32,170.89,0,6,4881
06/29/17,El Salvador,11594,51,0,189.44,0,4,6147
06/29/17,Guatemala,3723,966,0,28.12,0,140,16674
06/29/17,Honduras,32130,302,0,396,0,4,8190
06/29/17,Nicaragua,0,2060,3,33.31,0,2,6184
06/29/17,Panama,4307,985,42,132.63,0,9,3990
06/29/17,Cuba,0,187,58,1.64,0,0,11392
06/29/17,Dominican Republic,4909,345,0,49.07,0,93,10708
06/29/17,French Guiana,10500,483,10,3979.35,0,1,276
06/29/17,Guadeloupe,30845,382,0,6615.89,0,5,472
06/29/17,Haiti,2955,5,0,27.12,0,1,10916
06/29/17,Martinique,36680,21,0,9267.93,0,7,396
06/29/17,Puerto Rico,0,40357,137,1096.36,5,42,3681
06/29/17,Saint Barthelemy,990,61,0,10510,0,0,10
06/29/17,Saint Martin,3280,200,0,9666.67,0,0,36
06/29/17,Bolivia (Plurinational State of),2288,712,4,27.34,0,14,10971
06/29/17,Colombia,98245,9802,0,222.09,0,171,48650
06/29/17,Ecuador,3842,1848,15,34.47,0,5,16506
06/29/17,Peru,6128,1283,22,23.18,0,0,31970
06/29/17,Venezuela (Bolivarian Republic of),59965,2413,0,197.91,0,0,31518
06/29/17,Brazil,224670,134057,0,171.19,11,2775,209553
06/29/17,Argentina,869,126,40,2.26,0,2,44060
06/29/17,Chile,0,0,34,0,0,0,18131
06/29/17,Paraguay,666,16,0,10.14,0,2,6725
06/29/17,Uruguay,0,0,1,0,0,0,3444
06/29/17,Anguilla,31,23,1,317.65,0,0,17
06/29/17,Antigua and Barbuda,465,14,2,509.57,0,0,94
06/29/17,Aruba,1208,681,7,1657.02,0,0,114
06/29/17,Bahamas,440,25,3,117.72,0,0,395
06/29/17,Barbados,705,150,0,292.81,0,1,292
06/29/17,"Bonaire, St Eustatius and Saba",235,437,0,2688,0,0,25
06/29/17,Cayman Islands,232,31,10,453.45,0,0,58
06/29/17,Curacao,2589,1259,0,2582.55,0,0,149
06/29/17,Dominica,1154,79,0,1666.22,0,0,74
06/29/17,Grenada,335,118,0,408.11,0,2,111
06/29/17,Guyana,0,37,0,4.79,0,0,773
06/29/17,Jamaica,7650,203,0,279.67,0,0,2808
06/29/17,Montserrat,18,5,0,460,0,0,5
06/29/17,Saint Kitts and Nevis,554,33,0,1107.55,0,0,53
06/29/17,Saint Lucia,822,50,0,528.48,0,0,165
06/29/17,Saint Vincent and the Grenadines,508,83,0,579.41,0,0,102
06/29/17,Sint Maarten (Dutch part),253,149,0,957.14,0,0,42
06/29/17,Suriname,2768,724,0,637.23,4,4,548
06/29/17,Trinidad and Tobago,0,718,1,52.52,0,3,1367
06/29/17,Turks and Caicos Islands,200,25,3,432.69,0,0,52
06/29/17,Virgin Islands (UK),74,53,0,362.86,0,0,35
06/29/17,Virgin Islands (US),1138,1019,2,2094.17,0,0,103
07/13/17,Bermuda,0,0,6,0,0,0,71
07/13/17,Canada,0,0,507,0,0,1,36284
07/13/17,United States of America,0,225,5053,0.07,0,88,325296
07/13/17,Mexico,0,8974,15,6.98,0,6,128624
07/13/17,Belize,1294,206,0,404.31,0,0,371
07/13/17,Costa Rica,6608,1844,32,173.16,0,6,4881
07/13/17,El Salvador,11579,51,0,189.2,0,4,6147
07/13/17,Guatemala,3727,966,0,28.15,0,140,16674
07/13/17,Honduras,32130,302,0,396,0,4,8190
07/13/17,Nicaragua,0,2060,3,33.31,0,2,6184
07/13/17,Panama,4307,964,42,132.11,0,9,3990
07/13/17,Cuba,0,187,58,1.64,0,0,11392
07/13/17,Dominican Republic,4909,345,0,49.07,0,93,10708
07/13/17,French Guiana,10500,483,10,3979.35,0,1,276
07/13/17,Guadeloupe,30845,382,0,6615.89,0,5,472
07/13/17,Haiti,2955,5,0,27.12,0,1,10916
07/13/17,Martinique,36680,21,0,9267.93,0,7,396
07/13/17,Puerto Rico,0,40383,137,1097.07,5,43,3681
07/13/17,Saint Barthelemy,990,61,0,10510,0,0,10
07/13/17,Saint Martin,3280,200,0,9666.67,0,0,36
07/13/17,Bolivia (Plurinational State of),2465,768,4,29.47,0,14,10971
07/13/17,Colombia,98320,9802,0,222.24,0,174,48650
07/13/17,Ecuador,3842,1848,15,34.47,0,5,16506
07/13/17,Peru,6380,1362,22,24.22,0,0,31970
07/13/17,Venezuela (Bolivarian Republic of),59965,2413,0,197.91,0,0,31518
07/13/17,Brazil,224670,134057,0,171.19,11,2775,209553
07/13/17,Argentina,869,128,39,2.26,0,2,44060
07/13/17,Chile,0,0,34,0,0,0,18131
07/13/17,Paraguay,661,16,0,10.07,0,2,6725
07/13/17,Uruguay,0,0,1,0,0,0,3444
07/13/17,Anguilla,31,23,1,317.65,0,0,17
07/13/17,Antigua and Barbuda,465,14,2,509.57,0,0,94
07/13/17,Aruba,1208,703,7,1676.32,0,0,114
07/13/17,Bahamas,440,25,3,117.72,0,0,395
07/13/17,Barbados,705,150,0,292.81,0,1,292
07/13/17,"Bonaire, St Eustatius and Saba",235,437,0,2688,0,0,25
07/13/17,Cayman Islands,232,31,10,453.45,0,0,58
07/13/17,Curacao,4476,2049,0,4379.19,0,0,149
07/13/17,Dominica,1154,79,0,1666.22,0,0,74
07/13/17,Grenada,335,118,0,408.11,0,2,111
07/13/17,Guyana,0,37,0,4.79,0,0,773
07/13/17,Jamaica,7650,203,0,279.67,0,0,2808
07/13/17,Montserrat,18,5,0,460,0,0,5
07/13/17,Saint Kitts and Nevis,554,33,0,1107.55,0,0,53
07/13/17,Saint Lucia,822,50,0,528.48,0,0,165
07/13/17,Saint Vincent and the Grenadines,508,83,0,579.41,0,0,102
07/13/17,Sint Maarten (Dutch part),253,149,0,957.14,0,0,42
07/13/17,Suriname,2768,724,0,637.23,4,4,548
07/13/17,Trinidad and Tobago,0,718,1,52.52,0,3,1367
07/13/17,Turks and Caicos Islands,200,25,3,432.69,0,0,52
07/13/17,Virgin Islands (UK),74,53,0,362.86,0,0,35
07/13/17,Virgin Islands (US),1150,1021,2,2107.77,0,0,103
07/27/17,Bermuda,0,0,6,0,0,0,71
07/27/17,Canada,0,0,507,0,0,1,36284
07/27/17,United States of America,0,225,5071,0.07,0,91,325296
07/27/17,Mexico,0,9125,15,7.09,0,6,128624
07/27/17,Belize,1624,248,0,504.58,0,0,371
07/27/17,Costa Rica,6737,1859,32,176.11,0,6,4881
07/27/17,El Salvador,11589,51,0,189.36,0,4,6147
07/27/17,Guatemala,3727,966,0,28.15,0,140,16674
07/27/17,Honduras,32130,302,0,396,0,4,8190
07/27/17,Nicaragua,0,2060,3,33.31,0,2,6184
07/27/17,Panama,4307,964,42,132.11,0,9,3990
07/27/17,Cuba,0,187,58,1.64,0,0,11392
07/27/17,Dominican Republic,4911,345,0,49.08,0,93,10708
07/27/17,French Guiana,10500,483,10,3979.35,0,1,276
07/27/17,Guadeloupe,30845,382,0,6615.89,0,5,472
07/27/17,Haiti,2955,5,0,27.12,0,1,10916
07/27/17,Martinique,36680,21,0,9267.93,0,7,396
07/27/17,Puerto Rico,0,40421,137,1098.1,5,44,3681
07/27/17,Saint Barthelemy,990,61,0,10510,0,0,10
07/27/17,Saint Martin,3280,200,0,9666.67,0,1,36
07/27/17,Bolivia (Plurinational State of),2492,782,4,29.84,0,14,10971
07/27/17,Colombia,98408,9802,0,222.43,0,179,48650
07/27/17,Ecuador,3842,1848,15,34.47,0,5,16506
07/27/17,Peru,6398,1425,22,24.47,0,0,31970
07/27/17,Venezuela (Bolivarian Republic of),59965,2413,0,197.91,0,0,31518
07/27/17,Brazil,218931,135740,0,169.25,11,2775,209553
07/27/17,Argentina,869,138,40,2.29,0,2,44060
07/27/17,Chile,0,0,34,0,0,0,18131
07/27/17,Paraguay,655,16,0,9.98,0,2,6725
07/27/17,Uruguay,0,0,1,0,0,0,3444
07/27/17,Anguilla,31,23,1,317.65,0,0,17
07/27/17,Antigua and Barbuda,465,14,2,509.57,0,0,94
07/27/17,Aruba,1208,703,7,1676.32,0,0,114
07/27/17,Bahamas,440,25,3,117.72,0,0,395
07/27/17,Barbados,705,150,0,292.81,0,1,292
07/27/17,"Bonaire, St Eustatius and Saba",235,437,0,2688,0,0,25
07/27/17,Cayman Islands,232,31,10,453.45,0,0,58
07/27/17,Curacao,4476,2049,0,4379.19,0,0,149
07/27/17,Dominica,1154,79,0,1666.22,0,0,74
07/27/17,Grenada,335,118,0,408.11,0,2,111
07/27/17,Guyana,0,37,0,4.79,0,0,773
07/27/17,Jamaica,7650,203,0,279.67,0,0,2808
07/27/17,Montserrat,18,5,0,460,0,0,5
07/27/17,Saint Kitts and Nevis,554,33,0,1107.55,0,0,53
07/27/17,Saint Lucia,822,50,0,528.48,0,0,165
07/27/17,Saint Vincent and the Grenadines,508,83,0,579.41,0,0,102
07/27/17,Sint Maarten (Dutch part),253,149,0,957.14,0,0,42
07/27/17,Suriname,2768,724,0,637.23,4,4,548
07/27/17,Trinidad and Tobago,0,718,1,52.52,0,3,1367
07/27/17,Turks and Caicos Islands,200,25,3,432.69,0,0,52
07/27/17,Virgin Islands (UK),74,53,0,362.86,0,0,35
07/27/17,Virgin Islands (US),1151,1022,2,2109.71,0,0,103
08/10/17,Bermuda,0,0,6,0,0,0,71
08/10/17,Canada,0,0,507,0,0,1,36284
08/10/17,United States of America,0,224,5140,0.07,0,91,325296
08/10/17,Mexico,0,9232,15,7.18,0,15,128624
08/10/17,Belize,1701,255,0,527.22,0,0,371
08/10/17,Costa Rica,6923,1887,32,180.5,0,6,4881
08/10/17,El Salvador,11610,51,0,189.7,0,4,6147
08/10/17,Guatemala,3741,983,0,28.33,0,140,16674
08/10/17,Honduras,32130,302,0,396,0,4,8190
08/10/17,Nicaragua,0,2060,3,33.31,0,2,6184
08/10/17,Panama,4802,1020,42,145.91,0,13,3990
08/10/17,Cuba,0,187,58,1.64,0,0,11392
08/10/17,Dominican Republic,4913,345,0,49.1,0,93,10708
08/10/17,French Guiana,10500,483,10,3979.35,0,1,276
08/10/17,Guadeloupe,30845,382,0,6615.89,0,5,472
08/10/17,Haiti,2955,5,0,27.12,0,1,10916
08/10/17,Martinique,36680,21,0,9267.93,0,5,396
08/10/17,Puerto Rico,0,40460,137,1099.16,5,47,3681
08/10/17,Saint Barthelemy,1005,61,0,10660,0,0,10
08/10/17,Saint Martin,3283,200,0,9675,0,1,36
08/10/17,Bolivia (Plurinational State of),2508,784,4,30.01,0,14,10971
08/10/17,Colombia,98496,9802,0,222.61,0,182,48650
08/10/17,Ecuador,3842,2214,15,36.69,0,7,16506
08/10/17,Peru,6404,1473,22,24.64,0,0,31970
08/10/17,Venezuela (Bolivarian Republic of),59965,2413,0,197.91,0,0,31518
08/10/17,Brazil,218931,135740,0,169.25,11,2844,209553
08/10/17,Argentina,869,138,40,2.29,0,2,44060
08/10/17,Chile,0,0,34,0,0,0,18131
08/10/17,Paraguay,656,16,0,9.99,0,2,6725
08/10/17,Uruguay,0,0,1,0,0,0,3444
08/10/17,Anguilla,31,23,1,317.65,0,0,17
08/10/17,Antigua and Barbuda,465,14,2,509.57,0,0,94
08/10/17,Aruba,1208,703,7,1676.32,0,0,114
08/10/17,Bahamas,440,25,3,117.72,0,0,395
08/10/17,Barbados,715,150,0,296.23,0,1,292
08/10/17,"Bonaire, St Eustatius and Saba",235,437,0,2688,0,0,25
08/10/17,Cayman Islands,232,31,10,453.45,0,0,58
08/10/17,Curacao,4476,2049,0,4379.19,0,0,149
08/10/17,Dominica,1154,79,0,1666.22,0,0,74
08/10/17,Grenada,335,118,0,408.11,0,2,111
08/10/17,Guyana,0,37,0,4.79,0,0,773
08/10/17,Jamaica,7650,203,0,279.67,0,0,2808
08/10/17,Montserrat,18,5,0,460,0,0,5
08/10/17,Saint Kitts and Nevis,554,33,0,1107.55,0,0,53
08/10/17,Saint Lucia,822,50,0,528.48,0,0,165
08/10/17,Saint Vincent and the Grenadines,508,83,0,579.41,0,0,102
08/10/17,Sint Maarten (Dutch part),253,149,0,957.14,0,0,42
08/10/17,Suriname,2768,724,0,637.23,4,4,548
08/10/17,Trinidad and Tobago,0,718,1,52.52,0,3,1367
08/10/17,Turks and Caicos Islands,200,25,3,432.69,0,0,52
08/10/17,Virgin Islands (UK),74,53,0,362.86,0,0,35
08/10/17,Virgin Islands (US),1156,1024,2,2116.5,0,0,103
08/24/17,Bermuda,0,0,6,0,0,0,71
08/24/17,Canada,0,0,507,0,0,1,36284
08/24/17,United States of America,0,224,5150,0.07,0,93,325296
08/24/17,Mexico,0,9378,15,7.29,0,15,128624
08/24/17,Belize,1832,290,0,571.97,0,0,371
08/24/17,Costa Rica,7100,1887,32,184.12,0,6,4881
08/24/17,El Salvador,11628,51,0,190,0,4,6147
08/24/17,Guatemala,3741,983,0,28.33,0,140,16674
08/24/17,Honduras,32130,302,0,396,0,4,8190
08/24/17,Nicaragua,0,2060,3,33.31,0,2,6184
08/24/17,Panama,4802,1035,42,146.29,0,13,3990
08/24/17,Cuba,0,187,58,1.64,0,0,11392
08/24/17,Dominican Republic,4913,345,0,49.1,0,93,10708
08/24/17,French Guiana,10500,483,10,3979.35,0,1,276
08/24/17,Guadeloupe,30845,382,0,6615.89,0,5,472
08/24/17,Haiti,2955,5,0,27.12,0,1,10916
08/24/17,Martinique,36680,21,0,9267.93,0,5,396
08/24/17,Puerto Rico,0,40569,137,1102.12,5,47,3681
08/24/17,Saint Barthelemy,1005,61,0,10660,0,0,10
08/24/17,Saint Martin,3283,200,0,9675,0,1,36
08/24/17,Bolivia (Plurinational State of),2525,785,4,30.17,0,14,10971
08/24/17,Colombia,98515,9802,0,222.65,0,187,48650
08/24/17,Ecuador,3753,3058,15,41.26,0,7,16506
08/24/17,Peru,6391,1502,22,24.69,0,0,31970
08/24/17,Venezuela (Bolivarian Republic of),59965,2413,0,197.91,0,0,31518
08/24/17,Brazil,220617,136846,0,170.58,11,2869,209553
08/24/17,Argentina,869,138,40,2.29,0,2,44060
08/24/17,Chile,0,0,34,0,0,0,18131
08/24/17,Paraguay,662,16,0,10.08,0,2,6725
08/24/17,Uruguay,0,0,1,0,0,0,3444
08/24/17,Anguilla,31,23,1,317.65,0,0,17
08/24/17,Antigua and Barbuda,540,25,2,601.06,0,0,94
08/24/17,Aruba,1208,703,7,1676.32,0,0,114
08/24/17,Bahamas,531,25,3,140.76,0,0,395
08/24/17,Barbados,715,150,0,296.23,0,1,292
08/24/17,"Bonaire, St Eustatius and Saba",235,437,0,2688,0,0,25
08/24/17,Cayman Islands,237,30,11,460.34,0,0,58
08/24/17,Curacao,4476,2049,0,4379.19,0,0,149
08/24/17,Dominica,1154,79,0,1666.22,0,0,74
08/24/17,Grenada,335,118,0,408.11,0,2,111
08/24/17,Guyana,0,37,0,4.79,0,3,773
08/24/17,Jamaica,7650,203,0,279.67,0,0,2808
08/24/17,Montserrat,18,5,0,460,0,0,5
08/24/17,Saint Kitts and Nevis,554,33,0,1107.55,0,0,53
08/24/17,Saint Lucia,822,50,0,528.48,0,0,165
08/24/17,Saint Vincent and the Grenadines,508,83,0,579.41,0,0,102
08/24/17,Sint Maarten (Dutch part),253,149,0,957.14,0,0,42
08/24/17,Suriname,2768,724,0,637.23,4,4,548
08/24/17,Trinidad and Tobago,0,718,1,52.52,0,17,1367
08/24/17,Turks and Caicos Islands,203,25,3,438.46,0,0,52
08/24/17,Virgin Islands (UK),74,53,0,362.86,0,0,35
08/24/17,Virgin Islands (US),1158,1024,2,2118.45,0,0,103
09/07/17,Bermuda,0,0,6,0,0,0,71
09/07/17,Canada,0,0,507,0,0,1,36284
09/07/17,United States of America,0,224,5168,0.07,0,95,325296
09/07/17,Mexico,0,9598,15,7.46,0,15,128624
09/07/17,Belize,1854,308,0,582.75,0,0,371
09/07/17,Costa Rica,7290,1920,32,188.69,0,6,4881
09/07/17,El Salvador,11649,51,0,190.34,0,4,6147
09/07/17,Guatemala,3741,983,0,28.33,0,140,16674
09/07/17,Honduras,32385,308,0,399.18,0,8,8190
09/07/17,Nicaragua,0,2060,3,33.31,0,2,6184
09/07/17,Panama,4802,1095,42,147.79,0,13,3990
09/07/17,Cuba,0,187,58,1.64,0,0,11392
09/07/17,Dominican Republic,4919,335,0,49.07,0,85,10708
09/07/17,French Guiana,10500,483,10,3979.35,0,1,276
09/07/17,Guadeloupe,30845,382,0,6615.89,0,5,472
09/07/17,Haiti,2955,5,0,27.12,0,1,10916
09/07/17,Martinique,36680,21,0,9267.93,0,5,396
09/07/17,Puerto Rico,0,40576,137,1102.31,5,47,3681
09/07/17,Saint Barthelemy,1005,61,0,10660,0,0,10
09/07/17,Saint Martin,3283,200,0,9675,0,1,36
09/07/17,Bolivia (Plurinational State of),2535,785,4,30.26,0,14,10971
09/07/17,Colombia,98587,9802,0,222.79,0,243,48650
09/07/17,Ecuador,3753,3058,15,41.26,0,7,16506
09/07/17,Peru,6434,1515,22,24.86,0,0,31970
09/07/17,Venezuela (Bolivarian Republic of),60081,2413,0,198.28,0,0,31518
09/07/17,Brazil,231725,137288,0,176.1,11,2869,209553
09/07/17,Argentina,539,276,40,1.85,0,2,44060
09/07/17,Chile,0,0,34,0,0,0,18131
09/07/17,Paraguay,661,16,0,10.07,0,2,6725
09/07/17,Uruguay,0,0,1,0,0,0,3444
09/07/17,Anguilla,31,23,1,317.65,0,0,17
09/07/17,Antigua and Barbuda,540,25,2,601.06,0,0,94
09/07/17,Aruba,1208,703,7,1676.32,0,0,114
09/07/17,Bahamas,531,25,3,140.76,0,0,395
09/07/17,Barbados,715,150,0,296.23,0,1,292
09/07/17,"Bonaire, St Eustatius and Saba",235,437,0,2688,0,0,25
09/07/17,Cayman Islands,237,30,11,460.34,0,0,58
09/07/17,Curacao,4476,2049,0,4379.19,0,0,149
09/07/17,Dominica,1154,79,0,1666.22,0,0,74
09/07/17,Grenada,335,118,0,408.11,0,2,111
09/07/17,Guyana,0,37,0,4.79,0,3,773
09/07/17,Jamaica,7650,203,0,279.67,0,0,2808
09/07/17,Montserrat,18,5,0,460,0,0,5
09/07/17,Saint Kitts and Nevis,554,33,0,1107.55,0,0,53
09/07/17,Saint Lucia,822,50,0,528.48,0,0,165
09/07/17,Saint Vincent and the Grenadines,508,83,0,579.41,0,0,102
09/07/17,Sint Maarten (Dutch part),253,149,0,957.14,0,0,42
09/07/17,Suriname,2768,724,0,637.23,4,4,548
09/07/17,Trinidad and Tobago,0,718,1,52.52,0,17,1367
09/07/17,Turks and Caicos Islands,203,25,3,438.46,0,0,52
09/07/17,Virgin Islands (UK),74,53,0,362.86,0,0,35
09/07/17,Virgin Islands (US),1165,1024,2,2125.24,0,0,103
09/21/17,Bermuda,0,0,6,0,0,0,71
09/21/17,Canada,0,0,523,0,0,1,36284
09/21/17,United States of America,0,225,5190,0.07,0,98,325296
09/21/17,Mexico,0,9855,15,7.66,0,20,128624
09/21/17,Belize,1930,330,0,609.16,0,0,371
09/21/17,Costa Rica,7456,1950,32,192.71,0,6,4881
09/21/17,El Salvador,11674,51,0,190.74,0,4,6147
09/21/17,Guatemala,3822,1000,0,28.92,0,140,16674
09/21/17,Honduras,32385,308,0,399.18,0,8,8190
09/21/17,Nicaragua,0,2060,3,33.31,0,2,6184
09/21/17,Panama,5261,1114,42,159.77,0,13,3990
09/21/17,Cuba,0,187,58,1.64,0,0,11392
09/21/17,Dominican Republic,4919,335,0,49.07,0,85,10708
09/21/17,French Guiana,10500,483,10,3979.35,0,1,276
09/21/17,Guadeloupe,30845,382,0,6615.89,0,5,472
09/21/17,Haiti,2955,5,0,27.12,0,1,10916
09/21/17,Martinique,36680,21,0,9267.93,0,5,396
09/21/17,Puerto Rico,0,40588,137,1102.64,5,47,3681
09/21/17,Saint Barthelemy,1005,61,0,10660,0,0,10
09/21/17,Saint Martin,3283,200,0,9675,0,1,36
09/21/17,Bolivia (Plurinational State of),2535,786,4,30.27,0,14,10971
09/21/17,Colombia,98368,9839,0,222.42,0,248,48650
09/21/17,Ecuador,3753,3058,15,41.26,0,7,16506
09/21/17,Peru,6497,1517,22,25.07,0,0,31970
09/21/17,Venezuela (Bolivarian Republic of),60097,2413,0,198.33,0,0,31518
09/21/17,Brazil,231725,137288,0,176.1,11,2952,209553
09/21/17,Argentina,539,276,40,1.85,0,2,44060
09/21/17,Chile,0,0,34,0,0,0,18131
09/21/17,Paraguay,668,18,0,10.2,0,2,6725
09/21/17,Uruguay,0,0,1,0,0,0,3444
09/21/17,Anguilla,31,23,1,317.65,0,0,17
09/21/17,Antigua and Barbuda,540,25,2,601.06,0,0,94
09/21/17,Aruba,1208,703,7,1676.32,0,0,114
09/21/17,Bahamas,531,25,3,140.76,0,0,395
09/21/17,Barbados,715,150,0,296.23,0,1,292
09/21/17,"Bonaire, St Eustatius and Saba",235,437,0,2688,0,0,25
09/21/17,Cayman Islands,237,30,11,460.34,0,0,58
09/21/17,Curacao,4476,2049,0,4379.19,0,0,149
09/21/17,Dominica,1154,79,0,1666.22,0,0,74
09/21/17,Grenada,335,118,0,408.11,0,2,111
09/21/17,Guyana,0,37,0,4.79,0,3,773
09/21/17,Jamaica,7772,203,0,284.01,0,0,2808
09/21/17,Montserrat,18,5,0,460,0,0,5
09/21/17,Saint Kitts and Nevis,554,33,0,1107.55,0,0,53
09/21/17,Saint Lucia,822,50,0,528.48,0,0,165
09/21/17,Saint Vincent and the Grenadines,508,83,0,579.41,0,0,102
09/21/17,Sint Maarten (Dutch part),253,149,0,957.14,0,0,42
09/21/17,Suriname,2768,724,0,637.23,4,4,548
09/21/17,Trinidad and Tobago,0,718,1,52.52,0,17,1367
09/21/17,Turks and Caicos Islands,203,25,3,438.46,0,0,52
09/21/17,Virgin Islands (UK),74,53,0,362.86,0,0,35
09/21/17,Virgin Islands (US),1165,1024,2,2125.24,0,0,103
10/05/17,Bermuda,0,0,6,0,0,0,71
10/05/17,Canada,0,0,523,0,0,1,36284
10/05/17,United States of America,0,225,5255,0.07,0,98,325296
10/05/17,Mexico,0,10097,15,7.85,0,20,128624
10/05/17,Belize,2005,355,0,636.12,0,0,371
10/05/17,Costa Rica,7554,1956,32,194.84,0,6,4881
10/05/17,El Salvador,11688,51,0,190.97,0,4,6147
10/05/17,Guatemala,3822,1000,0,28.92,0,140,16674
10/05/17,Honduras,32385,308,0,399.18,0,8,8190
10/05/17,Nicaragua,0,2065,3,33.39,0,2,6184
10/05/17,Panama,5646,1177,42,171,0,13,3990
10/05/17,Cuba,0,187,58,1.64,0,0,11392
10/05/17,Dominican Republic,4919,335,0,49.07,0,85,10708
10/05/17,French Guiana,10500,483,10,3979.35,0,1,276
10/05/17,Guadeloupe,30845,382,0,6615.89,0,5,472
10/05/17,Haiti,2955,5,0,27.12,0,1,10916
10/05/17,Martinique,36680,21,0,9267.93,0,5,396
10/05/17,Puerto Rico,0,40588,137,1102.64,5,47,3681
10/05/17,Saint Barthelemy,1005,61,0,10660,0,0,10
10/05/17,Saint Martin,3283,200,0,9675,0,1,36
10/05/17,Bolivia (Plurinational State of),2553,786,4,30.43,0,14,10971
10/05/17,Colombia,98532,9925,0,222.93,0,248,48650
10/05/17,Ecuador,3753,3058,15,41.26,0,7,16506
10/05/17,Peru,6509,1517,22,25.1,0,0,31970
10/05/17,Venezuela (Bolivarian Republic of),60097,2413,0,198.33,0,0,31518
10/05/17,Brazil,231725,137288,0,176.1,11,2952,209553
10/05/17,Argentina,539,276,40,1.85,0,2,44060
10/05/17,Chile,0,0,34,0,0,0,18131
10/05/17,Paraguay,668,18,0,10.2,0,2,6725
10/05/17,Uruguay,0,0,1,0,0,0,3444
10/05/17,Anguilla,31,23,1,317.65,0,0,17
10/05/17,Antigua and Barbuda,540,25,2,601.06,0,0,94
10/05/17,Aruba,1208,703,7,1676.32,0,0,114
10/05/17,Bahamas,531,25,3,140.76,0,0,395
10/05/17,Barbados,715,150,0,296.23,0,1,292
10/05/17,"Bonaire, St Eustatius and Saba",235,437,0,2688,0,0,25
10/05/17,Cayman Islands,237,30,11,460.34,0,0,58
10/05/17,Curacao,4476,2049,0,4379.19,0,0,149
10/05/17,Dominica,1154,79,0,1666.22,0,0,74
10/05/17,Grenada,335,118,0,408.11,0,2,111
10/05/17,Guyana,0,37,0,4.79,0,3,773
10/05/17,Jamaica,7772,203,0,284.01,0,0,2808
10/05/17,Montserrat,18,5,0,460,0,0,5
10/05/17,Saint Kitts and Nevis,554,33,0,1107.55,0,0,53
10/05/17,Saint Lucia,822,50,0,528.48,0,0,165
10/05/17,Saint Vincent and the Grenadines,508,83,0,579.41,0,0,102
10/05/17,Sint Maarten (Dutch part),253,149,0,957.14,0,0,42
10/05/17,Suriname,2768,724,0,637.23,4,4,548
10/05/17,Trinidad and Tobago,0,718,1,52.52,0,17,1367
10/05/17,Turks and Caicos Islands,203,25,3,438.46,0,0,52
10/05/17,Virgin Islands (UK),74,53,0,362.86,0,0,35
10/05/17,Virgin Islands (US),1165,1024,2,2125.24,0,0,103
